{"playerPosition":{"x":-0.20897014439105988,"y":-0.005000174045562744,"z":-6.438979625701904}}