{"playerPosition":{"x":1.1862281560897828,"y":-0.005000114440917969,"z":-5.638449192047119},"itemsCollected":[{"instanceID":-2234},{"instanceID":-2062}]}