{"playerPosition":{"x":4.547926902770996,"y":-0.005000114440917969,"z":3.319727659225464}}