{"playerPosition":{"x":-7.041085720062256,"y":-0.005000114440917969,"z":12.62054443359375},"playerRotation":{"x":0.0,"y":0.0,"z":0.0},"playerScale":{"x":0.0,"y":0.0,"z":0.0},"inventory":[]}