{"playerPosition":{"x":1.1552852392196656,"y":-0.005000174045562744,"z":-6.498409271240234},"itemsCollected":[{"instanceID":-1896},{"instanceID":-1796}]}