{"playerPosition":{"x":0.13349516689777375,"y":-0.005000114440917969,"z":-5.161828517913818},"itemsCollected":[{"instanceID":117870},{"instanceID":117838}]}