{"playerPosition":{"x":-6.098928451538086,"y":-0.005000174045562744,"z":23.965782165527345}}